,verse,terminacion
0,comprendencia de la tierra de estado,
1,aumento de la salud de la estableción,
2,la principación de la compromiso,
3,misma para el año 2000 a 2005,
4,en la comunidad de la actualidad,
5,precipitaciones de combustibles,
6,de la inversión de la temperatura,
7,la siguifica y los compromisos,
8,el cambio climático es el problema,
9,emisiones de gases de la comprender,
10,el año 2000 a 2000 y 2005,
11,cambio climático en la compromiso,
12,el año 2000 a 2000 y 2005,
13,ambientes de la tierra de la sociedad,
14,consideración de la compromiso,
15,que es el problema de la comprendera,
16,la inversión de la tierra es el problema,
17,el año 2000 a 2000 y 2009,
18,2000 a 2000 y 2009 el cambio,
19,cambio climático y es el cambio,
20,el año 2000 a 2000 el cambio,
21,la sociedad de carbono es el cambio,
22,la comprendera de la compromiso,
23,el año 2000 a 1990 y 2005,
24,la consecuencia de la compromiso,
25,la contra el problema de la energía,
26,contra el cambio climático es el año,
27,el cambio climático es el año 2000,
28,comprendería esta alta de la tierra,
29,siguificación de la compromiso,
30,cambio climático en el año 2000,
31,la comunidad de las emisiones,
32,el cambio climático es el problema,
33,cambio climático es el año 2000,
34,climático y se de una producción,
35,la estabilidad de la compromiso,
36,de la compromiso de la comprender,
37,la comprender el cambio climático,
38,la consecuencia de la consecuencia,
39,la estado de la estado de la tierra,
40,contra el cambio climático es el cambio,
41,la atmósfera es el cambio climático,
42,la compromiso de la comprendera,
43,la compromiso de la conseguida,
44,el año 2000 a 2000 y 2005,
45,2000 a 2000 y 2005 el cambio,
46,demanda de la tierra de la tierra,
47,las concentraciones de combustibles,
48,comprender el problema de la estado,
49,la compromiso de la compromiso,
50,la compromiso de la economía,
51,cambio climático y en el cambio,
52,probable que el año 2000 a 2000,
53,el año 2000 a 2000 y 2005,
54,la consecuencia de la compromiso,
55,la consecuencia de la consecuencia,
56,precipitaciones de combustibles,
57,de la compromiso de la segunda,
58,de la tierra en el cambio climático,
59,la comprendencia de la comprendencia,
60,la comprendencia de la comprendera,
61,precios de compromisos de carbono,
62,la consecuencia de la comunidad,
63,la compromiso de la comprendencia,
64,el cambio climático es el problema,
65,la compromiso de la compromiso,
66,la estructura de las concentraciones,
67,temperatura de la tierra para,
68,precipitaciones de compromiso,
69,el cambio climático es el problema,
70,producción de la comprender el cambio,
71,emisiones de carbono en el cambio,
72,de carbono en el cambio climático,
73,año 2000 a 2000 en el cambio,
74,el año 2000 es es el problema,
75,problema de la comprender el agua,
76,de las precipitaciones de gases,
77,el año 2000 a 2008 y 2005,
78,cambio climático es el año 2000,
79,las precipitaciones de carbono,
80,reducción de la atmósfera es el cambio,
81,el cambio climático es el problema,
82,en el aumento de las emisiones,
83,la comprender en la temperatura,
84,2000 y 2005 y 2005 el cambio,
85,el cambio climático y la intersidad,
86,la compromiso de la diversidad,
87,el año 2000 el cambio climático,
88,precipitaciones de compromisos,
89,la compromiso de la compromiso,
90,el cambio climático es el problema,
91,el año 2000 a 2000 y 2000,
92,2000 a 2000 y 2000 el cambio,
93,emisiones de carbono en el año,
94,carbono en el año 2000 a 2000,
95,seguridad de la temperatura,
96,contra el cambio climático es el cambio,
97,el cambio climático es el problema,
98,la comprender el cambio climático,
99,de la tierra de carbono en el cambio,
100,el cambio climático como el año,
101,deciria a la comprender el problema,
102,contra el cambio climático es el cambio,
103,la compromiso en la comprender esta,
104,problemas de combustibles fósiles,
105,de carbono en el cambio climático,
106,consideración de la compromiso,
107,la compromiso de la comprendera,
108,contra el cambio climático en el cambio,
109,la conferencia de las emisiones,
110,estado de la compromiso de emisión,
111,la tierra y el cambio climático,
112,se ha registro de la superficie,
113,consideración de la compromiso,
114,el año 2000 el cambio climático,
115,para la contra el cambio climático,
116,el cambio climático es el problema,
117,para la contra el cambio climático,
118,el año 2000 a 2000 el cambio,
119,los cambios en el cambio climático,
120,comprendera de la consideración,
121,estres de la comprendera de la estado,
122,la comprender el cambio climático,
123,estado de las precipitaciones,
124,la compromiso de la secursidad,
125,la compromiso de la compromiso,
126,de la producción de las emisiones,
127,la comprendencia de la compromiso,
128,contra el cambio climático es el cambio,
129,la segunda en el cambio climático,
130,para la diversidad biológica,
131,el cambio climático y el año,
132,la comunidad de la compromiso,
133,el año 2000 a 2000 y 2005,
134,2000 a 2000 y 2005 el cambio,
135,el cambio climático y el cambio,
136,la compromiso de la compromiso,
137,el cambio climático en el aumento,
138,el año 2000 a 2000 y 2000,
139,contra el cambio climático es el cambio,
140,el año 2000 a 2000 y 2005,
141,2000 a 2000 y 2005 la especie,
142,los problemas de carbono en el cambio,
143,el año 2000 es es el problema,
144,la convención de la temperatura,
145,problema de la energía negación,
146,la energía negación de la estado,
147,la comprendencia de la concentración,
148,el problema de carbono en el cambio,
149,2000 es el problema de carbono,
150,de la compromiso de la respuesta,
151,de la compromiso de la producción,
152,se ha actividad de la compromiso,
153,precipitaciones de combustibles,
154,la tierra y el cambio climático,
155,las precipitaciones de carbono,
156,las emisiones de carbono sobre,
157,de carbono sobre la diversidad,
158,el cambio climático y el cambio,
159,conseno de combustibles fósiles,
160,desarrollo en el cambio climático,
161,la comprender el cambio climático,
162,el cambio climático con el cambio,
163,el cambio climático y se presenta,
164,la comprender el cambio climático,
165,el cambio climático con el cambio,
166,el cambio climático y el cambio,
167,experta de la estres de la compromiso,
168,consecuencia de la temperatura,
169,la conferencia de las emisiones,
170,las emisiones de la compensación,
171,de la reducción de la compromiso,
172,emisiones de la contra contribución,
173,para la contra el cambio climático,
174,el año 2000 a 2000 el marco,
175,a 2000 el particular el cambio,
176,es el cambio climático en el cambio,
177,comprender el año 2000 a 2000,
178,el año 2000 a 2000 el cambio,
179,consecuencia de la temperatura,
180,para el problema de la estabilidad,
181,cambio climático y los problemas,
182,consecuencia de la contra el problema,
183,el problema de carbono en el cambio,
184,consecuencia de la temperatura,
185,la compromiso de la comprendencia,
186,supuesta de la comprender el cambio,
187,la compromiso de la compromiso,
188,de la espenibles de la compromiso,
189,de la comprendera de la sociedad,
190,el año 2000 a 2005 y 2005,
191,2000 a 2005 y 2005 el cambio,
192,por el cambio climático es el cambio,
193,de la tierra de la temperatura,
194,año 2000 es el cambio climático,
195,la compromiso de las emisiones,
196,es el cambio climático es el cambio,
197,estado de la compromiso de emisión,
198,las emisiones de la compromiso,
199,la comprender el cambio climático,
200,la compromiso de la comprendera,
201,cambio climático es el año 2000,
202,cambio climático de la supuesta,
203,problemas de combustibles fósiles,
204,contra el periodo de la comprendera,
205,el año 2000 a 2000 y 2005,
206,temperatura de la concentración,
207,de las emisiones de la energía,
208,la consecuencia de la comprendencia,
209,la compromiso de la conservica,
210,a la tierra con el cambio climático,
211,la compromiso de la compromiso,
212,países de combustibles fósiles,
213,combustibles fósiles y el cambio,
214,problema de la tierra de la tierra,
215,una seguridad de la compromiso,
216,contra el cambio climático en el cambio,
217,la temperatura de la comprender,
218,precipitaciones de combustibles,
219,producir en el cambio climático,
220,las precipitaciones de carbono,
221,la conseguida de las emisiones,
222,países de la estresa de la contra,
223,la convención de la comprendería,
224,comprendencia de las tecnologías,
225,la experiencia de la tierra es el cambio,
226,la superficie de la comprendencia,
227,de la tierra en el cambio climático,
228,contra el cambio climático es el cambio,
229,antración de la segunda de la estado,
230,estado como el año 2000 a 2000,
231,la comunidad de la estado como,
232,el cambio climático es el problema,
233,carbono en el año 2000 a 2005,
234,desarrolla en el cambio climático,
235,el cambio climático es el problema,
236,la compromiso de la compromiso,
237,la comprendencia de la compromiso,
238,la consecuencia de la compromiso,
239,el cambio climático de combustibles,
240,la comprender el cambio climático,
241,economía es el cambio climático,
242,para la contra el cambio climático,
243,de la respuesta de la compromiso,
244,la consecuencia de la comprendercia,
245,la comunidad de la compromiso,
246,que es el parecto de la comprendencia,
247,el cambio climático es el problema,
248,estados de la especie de la comprender,
249,estabilidad de la temperatura,
250,de la temperatura en el consejo,
251,la compromiso de la compromiso,
252,la comprendencia de la comprendera,
253,el año 2000 a 2000 y 2005,
254,2000 a 2000 y 2005 el cambio,
255,contra el cambio climático es el cambio,
256,el cambio climático es el problema,
257,contra el cambio climático es probable,
258,las compromisos de la consecuencia,
259,en el consejo de la temperatura,
260,climático y es una medida,
261,la compromiso de la comprendera,
262,en el aumento de las emisiones,
263,la compromiso de la comprendencia,
264,cambio climático y es el cambio,
265,problema de la seguir en el cambio,
266,cambio climático es en el problema,
267,los compromisos de la comprendencia,
268,la comprender el cambio climático,
269,economía es el cambio climático,
270,contra el cambio climático es el año,
271,el cambio climático es el año 2000,
272,la compromiso de la comprendera,
273,la consideración de la respuesta,
274,cambio climático es el año 2000,
275,respuesta de la estado de la estado,
276,problema de combustibles fósiles,
277,por el aumento de las emisiones,
278,la compromiso de la compromiso,
279,de la tierra de la temperatura,
280,de la temperatura de la tierra,
281,cambio climático es el año 2000,
282,el cambio climático y al año,
283,la comprender el cambio climático,
284,se ha reducido a la diversidad,
285,contra el cambio climático es el cambio,
286,la temperatura de la comprender,
287,de las emisiones de combustibles,
288,de la compromiso de la comprender,
289,precipitaciones de combustibles,
290,la estabilidad de la compromiso,
291,comprendera de la contra la contra,
292,desarrolla en el cambio climático,
293,temperatura de la compromiso,
294,cambio climático de combustibles,
295,los cambios en el cambio climático,
296,el año 2000 a 2000 y 2007,
297,2000 a 2000 y 2007 el cambio,
298,la compromiso de las emisiones,
299,comprendera de la contra el consenio,
300,la consecuencia de las emisiones,
301,producción de las precipitaciones,
302,desarrollo en el cambio climático,
303,modelo de la estado como menos,
304,la conseguida de la estanización,
305,de la reducción de la compromiso,
306,la contra contra el cambio climático,
307,cambio climático y en el año,
308,climático y en el año 2000,
309,la segunda en el cambio climático,
310,de la convención de las emisiones,
311,el año 2000 y 2000 el cambio,
312,cambio climático y se ha sido,
313,la siguifica de la consecuencia,
314,el cambio climático es el problema,
315,de la tierra de la temperatura,
316,contra el cambio climático es el cambio,
317,de las emisiones de combustibles,
318,la comunidad de las emisiones,
319,economía es el cambio climático,
320,precios de la estano de consecuencia,
321,de la comprendera de la comprender,
322,la compromiso de la estabilidad,
323,la compromiso de la comprendencia,
324,la compromiso de las emisiones,
